Date,Views,Watch time (minutes),Subscribers gained
2026-09-02,181,40,0
2026-09-03,287,35,0
2026-09-04,158,107,0
2026-09-05,111,351,1
2026-09-06,102,120,2
2026-09-07,56,179,0
2026-09-08,68,250,0
2026-09-09,74,107,1
2026-09-10,91,128,1
2026-09-11,63,33,1
2026-09-12,134,97,0
2026-09-13,81,43,0
2026-09-14,48,17,0
2026-09-15,92,157,0
2026-09-16,62,63,0
2026-09-17,64,27,1
2026-09-18,76,157,1
2026-09-19,66,207,0
2026-09-20,94,452,1
2026-09-21,159,184,0
2026-09-22,81,99,0
2026-09-23,65,68,1
2026-09-24,75,138,0
2026-09-25,60,175,0
2026-09-26,69,233,1
2026-09-27,68,286,1
