Video,Video title,Video publish time,Duration (sec),Views,Likes,Comments,Average view duration (28d),Views (28d),Watch time minutes (28d)
Lq6MlbHcD-E,The Complete Story: Why Your Bible Timeline Is Broken | KJV + Apocrypha,2026-09-27T23:00:24Z,290,51,1,0,49,17,6
fzzAiSv4opg,"Why Did Jesus Come? The What, How and Why (Kids Edition)",2026-07-27T01:47:36Z,214,18,2,0,27,4,1
_-v5yU3iUH8,"The Mission of Christ: The What, The How, and The Why",2026-07-27T01:46:53Z,298,37,3,0,67,13,6
jnfMCN4cuv4,FROM EDEN TO TIMBUKTU: The Hidden History of the Black Hebrews | Full Documentary,2026-07-18T20:00:06Z,5841,126,9,1,1736,29,463
CY8odys9OXs,"1,245 miles walked. He's in Missouri. Day 64 #FaithWalk #Shorts",2026-07-18T19:00:03Z,54,241,7,3,25,2,0
79K6HmZ61Cg,Day 40. Indianapolis. 752 miles from Philly 🏙️ #FaithWalk #Shorts,2026-07-11T19:00:36Z,31,789,11,2,0,1,0
-Lcjba8juXE,He walked from Philly all the way to Ohio 🦅 Day 17 #FaithWalk #Shorts,2026-07-04T19:00:15Z,32,114,5,0,0,1,0
vnkEWbCVMTA,From Eden to Timbuktu: The Hidden History of the Black Hebrews | Part 1 — Ancient Black Civilization,2026-07-03T20:00:06Z,818,71,3,4,33,10,2
07X04Hp_3CA,Scholars Were Wrong About Eden—Here's What the Bible Really Says,2026-07-02T22:33:18Z,974,65,7,0,207,8,7
m5XzXKDo5uc,1 month. 607 miles. Still walking. Day 30 #FaithWalk #Shorts,2026-06-27T19:00:11Z,31,1162,10,2,0,1,0
17sKet2AVU8,"1,000 miles walked. Still going. Day 52 #FaithWalk #Shorts",2026-06-20T19:00:21Z,45,516,9,2,0,1,0
HZxHhpoHL5U,When God Takes Everything: Job's Ultimate Test of Faith,2026-06-19T20:00:15Z,291,29,3,0,0,4,0
Uyhmc7FWAeA,REVELATION 21 : Is This What the New Jerusalem Looks Like?,2026-06-16T00:52:04Z,314,142,6,0,70,14,6
9DGlOw9ycto,He crossed the Mississippi River on foot 🌊 Day 59 #FaithWalk #Shorts,2026-06-13T19:00:11Z,46,469,19,2,0,0,0
f4fg-54U5SU,He came back to walk after being hit by a car 💪 Day 39 #FaithWalk #Shorts,2026-06-06T19:00:01Z,55,969,42,2,8,3,0
nTYbT74qDJo,He Was Hit by a Car at Mile 703 — And Kept Walking | Minister Zay Faith Walk,2026-05-30T12:36:43Z,176,32,2,2,0,4,0
0xSNTNtkyUA,The Tribes of Israel vs Edom | A Prophecy About to Unfold,2026-05-20T20:00:00Z,1217,62,8,0,596,9,59
xrNBnCDZkpA,Jacob vs Esau: The Prophecy That Shaped History,2026-05-20T17:01:20Z,316,64,4,0,149,12,15
ksy8m7pIMuE,What it actually takes to walk 3000 miles #FaithWalkLive #Shorts,2026-05-14T19:00:38Z,31,1053,34,6,,,
W1yxkL4GHCU,Day 44 of 3000 miles — Indianapolis #FaithWalkLive #Shorts,2026-05-13T19:00:23Z,31,898,25,2,,,
n3REs7esu2A,Community gifted him new shoes when his blew out #FaithWalkLive #Shorts,2026-05-12T19:00:41Z,31,849,12,1,0,1,0
Z2QVCavDL4M,Strangers showing up for him 3000 miles in #FaithWalkLive #Shorts,2026-05-11T19:00:34Z,31,1144,24,2,,,
DT0484KGG94,Hit by a car on Day 19. Walking again Day 20. #FaithWalkLive #Shorts,2026-05-10T19:00:10Z,31,937,24,2,,,
chvwKC55ofw,He's walking 3000 miles. Here's why. #FaithWalkLive #Shorts,2026-05-09T19:00:37Z,31,2224,116,22,12,3,0
5rJrK2YexRs,"3,000 Miles to Build a School — and He's Livestreaming Every Step",2026-05-08T20:31:37Z,791,105,5,5,236,2,3
MFFGD5QfskA,1 Maccabees Chapter 9: When One Soldier Stood Against an Army,2026-05-02T20:00:11Z,564,84,4,0,394,5,13
FHJMRsKJSM0,1 Maccabees : Chapter 8 : Why This One Decision Terrified the Enemies of Judah v2.1,2026-05-01T20:00:09Z,551,64,5,0,550,8,9
JBwNvMiMbxM,Largest Army Ever: One Leader's Last Stand for God,2026-04-30T20:00:20Z,656,48,7,0,346,5,11
qbEhCvK3Avw,Day 31 My Feet Are DESTROYED 607 Miles #FaithWalk #HMBL,2026-04-27T20:00:38Z,61,100,5,0,,,
Kjbs1J-kglk,1 Maccabees : Chapter 6 : When Faith Met an Impossible Army,2026-04-25T20:00:10Z,439,70,4,0,140,11,9
-aEOGQjvPNg,1 Maccabees : Chapter 5 : The Battle That Shook Israel,2026-04-19T02:29:49Z,485,54,6,2,214,12,14
P60fdxaXFhM,The Truth Jeremiah Warned the Ancients About : Letter of Jeremiah 1,2026-04-16T23:56:56Z,550,56,5,2,0,2,0
GAMdWOb9At0,1 Maccabees : Chapter 4 : They Reclaimed the Holy Temple,2026-04-11T23:00:06Z,649,81,9,0,648,3,21
KGwIZwjJHjQ,1 Maccabees : Chapter 3 : The Hammer of Israel Rises,2026-04-09T23:00:06Z,656,60,11,0,639,5,32
YVdoizW2ZgE,"Bronze Skin, Wool Hair: What Scripture Actually Says #bibleteaching #truth #prophecy",2026-04-06T16:00:49Z,71,423,32,4,29,7,1
c2dn1oQdKrY,1 Maccabees : Chapter 2 : One Man's Defiance Sparked a War That Shook Israel,2026-04-03T21:00:37Z,788,174,11,1,485,9,24
_GNOQBQgT28,1 Maccabees: Chapter 1 : The Battle That Almost Destroyed Israel,2026-03-28T23:10:14Z,788,111,7,3,427,11,21
5NLHhtIgqAs,What The Bible Really Says About Defilement - Church Will Not Teach This,2026-03-22T19:00:04Z,66,1008,46,2,131,3,2
asP2pgJ0bwE,Reading The Bible With NEW EYES in 2026 Changes EVERYTHING,2026-03-21T17:00:06Z,1349,172,13,0,40,3,1
dgyr3EOZpFE,The 12 Tribes of Israel — Who They REALLY Are and Where They Went (FULL Breakdown),2026-03-18T01:03:43Z,137,260,9,0,48,23,13
VwLNSJuesG0,Jesus Confronts the Pharisees - Matthew 12's Battle for Truth & Righteousness,2026-03-13T19:00:36Z,546,81,6,0,0,2,0
t4g80RwGtis,Matthew 13 KJV | The Hidden Mysteries Jesus Only Revealed to the Chosen,2026-03-09T19:00:56Z,440,59,6,1,0,2,0
TxO-08eVvVw,Book of Matthew 6 #godsays #motivation #quotes #godscommand,2026-03-08T14:15:18Z,29,757,148,4,17,3,0
N9TfaMJAIik,"God Rejects the Gift, Keeps the Hypocrisy #BibleTruth #FaithMatters",2026-03-07T22:37:22Z,38,675,20,0,53,2,0
p8E7hz7Vtn4,Matthew 10 KJV | The Full Gospel in Cinematic Vision,2026-03-07T18:00:53Z,415,49,4,0,13,1,0
FxBcgMI3Rcc,The 12 Tribes Prophecy | What the KJV Bible Actually Says #gospel #truth #history,2026-02-28T20:36:45Z,29,569,43,2,7,3,0
cXlSgRzultU,Scripture Reveals Your True Tribe #israelite #identity #bibleprophecy,2026-02-28T20:34:47Z,19,766,20,0,7,1,0
xO5bu0thY28,Deuteronomy 6 | Hear O Israel – The Shema & Greatest Commandment (KJV),2026-02-28T02:58:25Z,299,57,7,1,28,3,1
ODXWf2EagfQ,The Forgotten Prayer of King Manasses (Apocrypha Scripture),2026-02-16T04:24:25Z,236,85,6,1,39,2,0
UVRG401MP0M,The Prayer of Azariah (Powerful Prayer in the Fiery Furnace | Apocrypha),2026-02-14T03:32:27Z,639,70,5,1,140,6,9
XuDLCMmWT6g,Why Did They Lock Away This Mysterious Painting?,2025-09-05T09:01:01Z,69,755,33,0,3,1,0
dxFbCCS6k3U,Rome's Eagle Symbol EXPOSED #BibleHistory #HiddenTruth,2025-09-04T16:01:10Z,63,1157,61,6,70,2,1
BMHa1-aVF_4,They Hid the Apocrypha for a Reason #BibleTruth #12Tribes,2025-09-03T15:56:18Z,55,1127,27,6,,,
9L5mYYDAF1o,Did King James Really Change Britain Forever?,2025-09-02T07:00:15Z,204,228,8,30,0,1,0
KVbj6CvMX5c,King James Wasn't Corrupt—Here's What Really Happened,2025-08-31T05:20:07Z,802,331,13,6,0,1,0
t627Mad1ljI,How to Spot False Prophets by Their True Fruits,2025-08-05T04:01:06Z,38,1392,70,8,,,
WHElP5K1Wxo,Matthew Chapter 5: The Beatitudes,2025-08-03T23:00:06Z,370,167,9,0,201,6,10
K7JT9tQa_So,The Miraculous Healing of a Leper That Defied All Odds!,2025-08-03T04:00:31Z,34,1509,49,0,0,1,0
bE_dzZEE4uI,Jesus Separates the Genuinely Faithful From the Pretenders #Truth #Prophecy,2025-07-30T04:00:45Z,28,1125,45,0,31,5,1
jFSKLn20ecs,Why You Must Remove Your Own Flaws Before Judging Others,2025-07-28T04:00:56Z,26,2004,13,0,,,
xL8v7eZ9mwc,The Prophecy Revealed AUDIO BOOK,2025-07-27T23:00:06Z,4426,364,15,1,9,5,0
wZNMyr3ikxs,How The Most High Redeemed Israel A Story of love,2025-07-25T04:01:10Z,67,1127,56,6,,,
TXa0EqXTjr0,The Call to Moses How The Most High Sent Israel,2025-07-23T04:00:36Z,62,1264,75,2,,,
0c_NdH8xMKs,The Most High’s Love For Israel A Heart To Heart,2025-07-21T04:00:04Z,66,1989,39,0,83,2,1
Jb9l1tT95ok,Scripture PROVES It: You Are Israel's Missing Tribes,2025-07-20T23:00:06Z,1117,391,26,2,0,4,0
afwWega5ofA,The David Branch Prophecy That's Going Viral #Trending #Gospel #Prophecy,2025-07-20T04:00:06Z,31,1790,65,2,,,
oYW3mgVLIfU,Who Are The Israelites Unpacking Their Divine,2025-07-19T04:01:03Z,63,1090,68,10,,,
SIXOuwwXpzo,Why Israel Is Called So Holy They Must Follow,2025-07-18T04:00:28Z,57,1116,36,2,,,
rKLtGlKw4ak,3 Things Jesus Commands Before You Enter His Kingdom,2025-07-17T15:10:53Z,667,45,5,0,,,
0JMTqU5DhZQ,Why The World Was Made For The Children of Israel,2025-07-16T04:00:03Z,37,745,17,0,,,
FZS8WGcY6Wg,The Remnant of Israel What Romans 11 Reveals,2025-07-15T04:00:13Z,44,1261,42,2,,,
oKEFVFc7fe8,Most Powerful Psalms For Protection Scriptures,2025-07-14T15:33:06Z,7587,128,10,4,224,4,7
wei2jbfJMkk,Discover How Christ’s Word Cuts Through,2025-07-14T04:01:07Z,40,1254,46,0,,,
a11hrG9FSpI,The True Mission & Doctrine of Christ,2025-07-13T23:00:06Z,527,76,10,16,0,2,0
ooFdPFS_qvs,"Christ’s True Mission Awakening Israel, Not EVERYONE AT FIRST",2025-07-13T04:01:02Z,47,1659,40,0,46,2,0
sxlj45oKFrc,Did Jesus Bring Peace or Division The Truth,2025-07-12T04:01:08Z,23,1785,52,2,,,
BmURiZOQnKA,Jesus Taught with Authority The Bold Doctrine,2025-07-10T04:00:12Z,58,611,33,4,12,1,0
RKJvtfG_JAI,Who Was Jesus Really Taking to?,2025-07-09T04:00:36Z,62,816,24,2,,,
NRUOZmX2NWg,Did Jesus Abolish the Law The Shocking Truth,2025-07-08T04:00:22Z,66,1054,50,4,0,0,0
gAgEL09nLRU,The Most High Is Restoring His Covenant—Here's the Proof,2025-07-06T09:56:02Z,311,243,18,0,0,1,0
onnUvy4ryAA,The Awakening Has Begun | Scattered Tribes Reclaim Their Identity,2025-07-04T04:19:02Z,357,254,21,0,0,2,0
SlVWjV3Gf2I,The 1747 Map of Africa – What They Don’t Want You to See,2025-06-29T04:00:27Z,66,109,6,0,1,2,0
MFTYh87UX00,Scripture Proves the Real Identity of Israel,2025-06-29T03:40:49Z,292,361,22,10,0,1,0
qyh745BNjw0,These Ancient Curses Are Still Active | Here's Why,2025-06-28T04:01:04Z,208,156,17,2,0,1,0
W8gbSwHzxKE,Top Ten Scriptures They Don’t Teach in Church,2025-06-27T04:00:40Z,257,406,19,4,0,1,0
TAGtH0QoXEQ,10 Biblical Prophecies You Never Heard About,2025-06-26T04:00:37Z,270,192,7,0,0,1,0
2BqkIPKqj_8,The 12 Apostles Decoded | What You Never Knew About Them,2025-06-25T04:00:03Z,204,69,5,0,,,
L3TmNiJJ4ZM,10 Psalms of David Ancient Jews Don't Want You to Know,2025-06-19T04:00:32Z,310,51,8,0,,,
8oQbY2_2wnY,Who Were the Most Evil Women in Scripture?,2025-06-17T04:00:17Z,202,93,4,0,0,1,0
msD6dQm9W6A,Top Ten Greatest Kings Israel,2025-06-12T04:00:57Z,212,84,8,0,,,
LFad8UPQOew,Top 10 Evil Kings of Israel – Wickedness Exposed!,2025-06-10T04:00:32Z,236,151,5,2,,,
EvETIWMgMA4,"PSALMS | Divine Strength, Healing & Spiritual Warfare Audio",2025-06-05T04:00:11Z,7200,174,10,3,0,1,0
YRi0JZn2_lM,10 Female Heroes the Bible Doesn't Want You to Forget,2025-06-05T04:00:41Z,237,105,12,0,0,1,0
zZ2JGBR8kdI,The Only True High Holy Days Of The Bible,2025-06-03T04:01:06Z,237,324,21,0,,,
a4c8bJgxEuY,Understanding Christ Starts With Understanding Yourself,2025-06-03T04:00:00Z,16,1224,32,4,,,
thvQjWzAhJI,The 12 Tribes Awaken — The Prophecy of the Last Days,2025-06-02T04:00:56Z,54,699,14,0,,,
hJDgZIu3gas,The 12 Tribes Gathering — Prophecy of the Final Restoration,2025-06-01T04:00:57Z,53,760,17,0,,,
Tf390YnbgRg,Israel's Return — The Dry Bones of Ezekiel 37 Live Again,2025-05-31T04:00:28Z,55,736,30,0,0,2,0
es3QtBndsRo,"What the 144,000 Actually Means: Full Breakdown #spiritualtruth #revelation",2025-05-30T18:45:46Z,58,682,15,0,,,
DCBxC0F0fBY,"The 144,000 Sealed — All 12 Tribes of Israel in Revelation 7",2025-05-30T18:45:53Z,56,826,16,0,52,8,3
mAJS97kNC5E,The Prophecy Revealed: Chosen 12 Tribes of Israel (Official Movie),2025-05-26T00:00:06Z,5367,11924,424,119,649,412,2290
8aaTGPQmSXo,"The Tribe of Benjamin — A Light in the Darkness, Isaiah 9:2",2025-05-24T19:00:05Z,66,763,39,2,67,2,1
iILlk8mc0eM,"The Tribe of Benjamin — Beloved of the Lord, Deuteronomy 33:12",2025-05-24T16:01:06Z,56,1298,27,5,136,17,15
wjAAS108GDw,"The Tribe of Benjamin — Howling Through Music, Rising to Rule",2025-05-24T13:01:45Z,58,834,17,4,111,5,3
5IHuhAx9184,The Tribe of Benjamin — Sons of the Right Hand Revealed,2025-05-24T10:00:21Z,62,693,35,3,0,1,0
hhUc8eF3fzQ,"The Tribe of Benjamin — Wolves in the Last Days, Genesis 49:27",2025-05-24T04:00:48Z,63,789,19,0,40,7,2
hb56WpRKlSk,The Tribe of Benjamin — Devouring the Prey at Dawn,2025-05-23T04:00:50Z,56,722,24,1,0,1,0
Tg9tXQBBEVU,The Tribe of Manasseh — Half Tribe in a Foreign Land,2025-05-22T04:00:27Z,55,716,24,0,38,12,3
TmTLdel9HhM,The Tribe of Manasseh — A Multitude of Nations Prophesied,2025-05-21T04:00:37Z,53,739,21,2,64,2,1
0hjJSaaUgpU,"The Tribe of Naphtali — A Hind Let Loose, Genesis 49:21",2025-05-17T04:00:01Z,62,680,13,0,0,1,0
Mgp2CgZtG64,The Tribe of Naphtali — Goodly Words and a Fruitful Land,2025-05-16T04:00:50Z,55,698,22,2,20,6,1
kPO91HQ5nU0,The Tribe of Ephraim in Puerto Rico — 6000 Indians Massacred,2025-05-10T04:00:49Z,62,1339,45,2,26,8,2
xMqnO931dic,The Tribe of Ephraim  What Hosea 9 Prophesied About Them,2025-05-07T04:01:06Z,50,9650,354,30,47,11,3
O28keEFsM7I,They Said Shema Yisrael — Israelites Were in Puerto Rico,2025-05-04T04:00:20Z,54,2930,109,6,194,19,19
8sw0hlTmmaw,The 12 Tribes Came From Israel to the Americas — Not Bering Strait,2025-05-02T04:00:08Z,59,7855,309,31,67,4,1
gK7bK1ktRR4,Ephraim vs Manasseh — Why Jacob Chose the Younger Brother,2025-05-01T04:00:49Z,56,3404,157,6,33,22,5
HQOGmykLvOw,Melanesians Were Enslaved — The Hidden Polynesian Slave Trade,2025-04-28T04:00:16Z,57,1323,35,0,9,3,0
V-dUWFIYZQE,The Tribe of Naphtali — In the Southern Hemisphere by the Sea,2025-04-28T04:00:37Z,57,2085,91,4,98,8,4
A7cH3cIkFUg,The Tribe of Naphtali — From Chile to the South Sea Islands,2025-04-28T04:00:07Z,54,1395,55,2,48,10,3
dHw41Z7hmVM,The Blessings of Joseph — Genesis 49:24 and the Mighty God,2025-04-28T04:00:38Z,57,1782,80,2,43,6,2
StUObmgtTqw,The Tribe of Asher — Mighty Warriors With Buckler and Sword,2025-04-23T04:00:25Z,59,2102,62,2,85,10,5
TZV8LKt-t5E,The Tribe of Gad Took the Best Land in the Americas,2025-04-22T04:00:34Z,52,7369,301,16,,,
isBUYL7jvdY,The Tribe of Gad — 300+ Native Nations Descend From Israel,2025-04-19T04:01:00Z,58,15682,867,43,30,30,7
wlF2yDtDdfo,The Tribe of Gad — North American Indians in Genesis 49:19,2025-04-17T04:01:08Z,59,8642,466,28,34,8,1
8pMiLny_LOc,"Babylon, Aztecs, and a Biblical Truth They All Knew #ancientwisdom #prophecy",2025-04-15T04:00:08Z,56,12831,549,10,22,7,0
UrZyd9pzI70,Zebulun and Issachar — Mayans and Aztecs in Deuteronomy 33,2025-04-13T04:00:29Z,62,3010,172,6,30,15,4
Ad3mUsbLL3w,The Chosen: 12 Tribes of Israel – Teaser Trailer,2025-04-12T04:00:10Z,68,4662,98,5,30,3,1
ry_PjMpdi8Q,The Tribe of Issachar — Aztecs and the Assyrian Captivity,2025-04-11T04:01:04Z,52,6934,258,9,34,45,11
9YpL3hEPQuY,The Tribe of Issachar Went Back Into Bondage — Hosea 8:13,2025-04-10T04:00:10Z,62,4259,269,16,0,1,0
SWZId0P96f8,Zebulun and Issachar — Mayan and Aztec Places of Worship,2025-04-08T04:11:29Z,66,2383,141,0,80,15,9
EWksyIbaImo,Uncovering the Haven of Ships #BibleProphecy #History,2025-04-07T04:52:09Z,55,22292,659,37,0,0,0
nVOXmuAJPuY,The Tribe of Zebulun — Guatemalans to Panamanians Are Mayans,2025-04-07T04:51:49Z,58,5538,268,4,64,3,1
VtwWyI_SQnc,The Tribe of Judah Built America — But Never Got the Credit,2025-04-06T04:41:05Z,58,7695,360,9,39,11,3
rjtM2N5MIGM,Christ Will Destroy Edom — Genesis 49 Prophecy Explained,2025-04-05T04:00:49Z,62,27041,1461,40,41,9,4
f9RM-psiCu0,What Christ Really Looks Like — Revelation 1:14 Explained,2025-04-05T04:00:29Z,59,9418,509,27,60,3,1
0c45lrmSNCo,Why Kingship Belongs to the Tribe of Judah — Hebrews 7:14,2025-04-04T04:00:00Z,58,7429,443,12,0,0,0
TBNEIWRpnzI,The Tribe of Judah Will Rise — Ezekiel 37 and Revelation 11,2025-04-03T04:00:31Z,57,5545,259,10,10,10,0
cNj0lEfNFiA,God Will Save the Tribe of Judah First — Zechariah 12:7,2025-04-03T04:00:40Z,54,7724,428,12,34,5,2
hNt6alQiIVE,The Tribe of Judah in North America — Where Are They Now?,2025-04-03T04:00:43Z,58,33363,1504,88,66,15,6
vEB569AEDwg,Simeon and Levi — Haiti and Dominican Republic Divided,2025-04-02T04:00:51Z,56,3186,145,6,29,4,1
9jiykCkltok,Simeon and Levi on Hispaniola Genesis 49:5 Prophecy,2025-04-02T04:00:08Z,66,2441,147,2,0,1,0
MkoJO402Rmc,The Tribe of Judah — Sold by Africans and Arabs Into Slavery,2025-04-02T04:00:16Z,61,3474,208,6,35,4,1
0bcCriDBO7w,The Tribe of Levi Adopted Voodoo — Malachi 2:9 Fulfilled,2025-04-02T04:00:00Z,57,2497,128,17,51,10,3
JtHZygSmaH8,The Sorcerers Knew — Seminole Indians Were a Special People,2025-04-01T04:00:17Z,51,11471,517,29,69,2,1
JVB7mOU2AhI,The Seminole Indians Were Israelites — The Proof,2025-04-01T04:00:18Z,59,16379,678,13,11,7,0
NAYa0kXwSwQ,The Tribe of Reuben — Nomadic Warriors the Europeans Feared,2025-04-01T04:00:18Z,57,6814,252,2,0,2,0
mMkUmDuniVQ,Simeon and Levi — The Fierce Anger Prophesied in Genesis 49,2025-04-01T04:00:55Z,58,7872,346,10,28,6,1
BfPot9X6Yyk,God Held the Euphrates River — The 10 Tribes Crossed Over,2025-03-31T16:24:49Z,49,3868,83,4,46,4,0
HiOEk8CogA8,The Seminole Indians Wore Priestly Garments of Israel,2025-03-31T04:00:15Z,56,8164,375,14,91,3,1
9H4yPDLobmw,The 10 Lost Tribes Crossed the Ocean to the Americas,2025-03-31T04:00:14Z,52,8282,294,11,30,2,0
HS36EPP5zgc,The Israelites Left the Heathen and Came to the Americas,2025-03-31T04:00:13Z,53,3124,96,2,0,1,0
0XrtYFN9Kr0,The Firstborn's Curse: How Reuben's Actions Affected His Tribe #fear #prophecy,2025-03-31T04:00:02Z,56,16191,560,27,22,6,1
WpEsJWK1Awo,The Slave Ships of Deuteronomy 28 — Biblical Prophecy Fulfilled,2025-03-30T04:00:33Z,45,59986,1885,74,44,19,6
h7pYxWAEci0,Where the 10 Lost Tribes Went — 2 Esdras 13:39 Reveals All,2025-03-30T04:00:40Z,43,4034,200,2,302,13,15
4vj5cDipimw,Scattered Among All Nations — Deuteronomy 28:64 Prophecy,2025-03-29T04:00:05Z,40,1720,123,8,20,9,1
_RxAAxLNQNU,They Went on Slave Ships — The Transatlantic Trade Was Prophecy,2025-03-29T04:00:34Z,55,1151,58,6,13,2,0
dKw6UGVQF98,Deuteronomy 28:68 — They Went Into Slavery on Ships,2025-03-28T04:00:37Z,44,19465,728,24,43,24,8
svPYMDJB6f4,A Nation Swift as the Eagle — Who Is Deuteronomy 28:49 About?,2025-03-27T04:00:48Z,40,16993,635,35,27,2,0
bjjjgJR1wKY,The Curses of Deuteronomy 28 — Every One Has Been Fulfilled,2025-03-25T04:00:37Z,59,2779,205,29,45,2,0
bhXtvLHRkrU,They Built Houses But Could Not Live in Them — Deuteronomy 28,2025-03-25T04:00:35Z,56,870,42,0,16,2,0
OHfVqkni9g0,Smitten Before Their Enemies — Deuteronomy 28:25 Fulfilled,2025-03-25T04:00:19Z,45,1279,66,4,49,5,1
5C2It2rF_CY,Why God Chose Israel — The Only Righteous Nation on Earth,2025-03-23T06:16:31Z,56,1383,85,2,6,3,0
GrqhQqq8hCQ,Part 1 : The Prophecy revealed: Full Breakdown of the 12 Tribes of Israel  @AIBIBLEGOSPELS,2025-03-23T04:00:15Z,54,1975,132,4,20,3,1
DXG-tql5TP8,The Most High Chosen “ How special we are” @AIBIBLEGOSPELS,2025-03-18T04:00:08Z,55,1714,167,12,50,1,0
W0_WDcr0TFI,This Ancient Knowledge Changes Everything You Believed,2025-03-16T07:19:30Z,124,307,18,4,0,2,0
Fw4kOZmriqs,What The Sacred Scriptures REALLY Tell Us About Salvation @AIBIBLEGOSPELS,2025-03-15T04:50:33Z,31,1138,126,6,0,0,0
Zydb5yxsPZo,Is This the Real History of Israel's Lost Tribes?,2025-03-14T04:00:26Z,117,613,33,4,39,5,2
BRulDl0oKVM,What Our Ancestors Hidden From Us FINALLY Exposed,2025-03-11T04:00:08Z,71,175,15,0,33,2,0
KGVZHGopiQ0,Biblical Curses EXACTLY Match Your History - Who Are The Lost Tribes?,2025-03-09T05:00:18Z,768,296,23,0,,,
ocXSvMnJaLE,"The Lost Tribes of Israel Biblical Prophecy ""Deuteronomy"" 28:15-68 @AIBIBLEGOSPELS",2025-03-08T09:12:52Z,688,274,18,0,47,3,1
dpERIR0YZZ8,The Most Powerful Biblical Discovery They Kept SECRET — Deuteronomy 28:1-14,2025-03-05T05:15:17Z,326,999,44,2,0,1,0
p3aXUpiFT2k,Jacob summon his son @AIBIBLEGOSPELS,2025-03-04T05:00:46Z,14,1028,96,0,,,
fGuiMnJQsjY,Why God Chose The Smallest Nation To Be SPECIAL? #blackhistory @AIBIBLEGOSPELS,2025-03-03T05:00:39Z,40,22315,1835,139,18,2,0
Zs2ctQoZmhU,The Prophecy revealed: Full Breakdown of the 12 Tribes of Israel,2025-02-25T05:00:34Z,248,2893,139,25,40,8,1
L84JUXnMoR8,The Hidden Truth About The 12 Tribes of Israel REVEALED #history @AIBIBLEGOSPELS,2025-02-22T05:00:25Z,34,3079,425,13,,,
DEYNUT9uoxM,12 Tribes Of Israel what did the tribe of Judah do? #history @AIBIBLEGOSPELS,2025-02-21T05:00:14Z,34,8943,515,15,27,85,19
RSooE7guQxg,This Prophecy Will Shock You #biblicalexploration #prophecy,2025-02-19T05:00:31Z,37,13125,1128,48,,,
UObM30FGdSs,They Never Wanted You to Know This About Your Ancestry #12Tribes #Identity #BiblicalHistory,2025-02-15T05:00:31Z,45,120334,6800,290,45,666,232
rq27Uvxudwg,Who and Where are the lost 12 Tribes of Israel today? #history #biblicalexploration #Blackhistory,2025-02-14T05:00:56Z,40,3069,190,10,57,6,2
8qjE34r7ISM,The Prophecy Revealed : They look like us #history #biblicalexploration #blackhistory,2025-02-12T17:14:15Z,39,2266,158,13,,,
yo48yhFzwaM,Lost Tribes of Israel Found Through Biblical Prophecies! #blackhistory @AIBIBLEGOSPELS,2025-02-12T05:00:53Z,44,2231,127,3,52,4,1
XJYSaQ1fpxU,Biblical Curses That Changed World History FOREVER! #history #biblicalexploration #blackhistory,2025-02-11T05:00:34Z,41,3173,284,6,40,1,0
H9jblXXVHxY,Where Did The Lost Tribes of Israel Really Go? #history #biblicalexploration #blackhistory,2025-02-09T05:14:27Z,38,12192,913,94,27,7,0
KK4BaRSCneI,The Hidden Story Behind The 12 Tribes of Israel That Will Amaze You! #blackhistory @AIBIBLEGOSPELS,2025-02-07T22:38:11Z,56,1001,76,0,0,2,0
WBTvL8yDu70,The Mystery Behind The 12 Lost Tribes of Israel REVEALED? #blackhistory @AIBIBLEGOSPELS,2025-02-07T05:00:32Z,39,1295,77,2,38,2,0
7f9Pk1Wwn5o,Top Archaeologist Shares Hidden Secrets of the 12 Tribes  #blackhistory @AIBIBLEGOSPELS,2025-02-02T23:13:27Z,48,875,50,6,0,1,0
quH9W0PDfKc,Jesus Calls His First Disciples After Conquering Temptation @AIBIBLEGOSPELS,2025-01-25T06:01:18Z,198,225,15,2,0,3,0
PEoPYP_Bc7Q,"Matthew Chapter 2: The Journey of Faith, Prophecy, and Divine Intervention @AIBIBLEGOSPELS",2025-01-21T04:27:32Z,231,151,11,0,10,6,0
ly6H3WEF9GE,Matthew Chapter 3: Baptism @AIBIBLEGOSPELS,2025-01-19T19:57:33Z,163,331,28,2,47,3,0
c9Lf2SBFjho,Matthew 1 Decoded: 5 Prophecies You Completely Missed,2025-01-04T04:11:14Z,234,234,20,0,14,4,0
DIvHY0Ic1Ac,The Complete Biblical Timeline Brought to Life With AI,2024-12-27T05:00:11Z,347,337,22,2,174,2,5
