date,handle,role,subs,uploads_28d,uploads_per_week,median_len_min,median_views_last10,views_per_sub,streams_28d,live_now,shorts_listed,shorts_median_views,title_subtitle_pct,title_hook_pct,title_question_pct,title_full_pct,latest_upload
2026-09-30,HolyBibleChannel,peer,873000,0,0.0,126.3,408984,0.4685,0,0,1,4100,100,10,0,20,20260525
2026-09-30,DeepBibleStories,peer,686000,15,3.75,86.2,9946,0.0145,0,0,6,5800,40,90,10,10,20260930
2026-09-30,TheAIBibleOfficial,peer,414000,4,1.0,5.8,36546,0.0883,0,0,15,3600,0,40,0,20,20260925
2026-09-30,TheSecretsOfTheBibleAIOfficial,peer,605000,0,0.0,4.4,3067,0.0051,0,0,0,,60,100,90,0,20260929
2026-09-30,BibleNutshells,peer,447000,2,0.5,23.3,291543,0.6522,0,0,11,3500,100,20,10,70,20260925
2026-09-30,AIBIBLESAGAS,peer,121000,0,0.0,48.1,352612,2.9141,0,0,5,11000,14,100,0,86,20260418
2026-09-30,bible.animations,peer,796000,1,0.25,39.7,320019,0.402,0,0,15,55000,10,90,10,10,20260912
2026-09-30,BibleChroniclesAnimation,peer,485000,0,0.0,22.7,127225,0.2623,0,0,6,15000,100,25,0,0,20260929
2026-09-30,BibleStoriesinBlack,peer,107000,3,0.75,15.7,9267,0.0866,0,0,15,1900,80,50,40,0,20260927
2026-09-30,IUICintheClassRoom,peer,203000,0,0.0,49.7,19293,0.095,5,0,15,8900,44,11,0,0,20260827
2026-09-30,aGATHERING144,peer,137000,6,1.5,11.6,2022,0.0148,5,0,15,1100,100,0,17,0,20260930
2026-09-30,BenayahIsrael,peer,98700,2,0.5,17.5,6667,0.0676,5,0,3,8000,50,0,10,0,20260927
2026-09-30,ScourbyYouBible,peer,308000,3,0.75,11.2,1099,0.0036,0,5,15,527,100,0,0,0,20260928
2026-09-30,bibleproject,watch,5480000,0,0.0,5.5,67753,0.0124,0,0,15,20000,20,20,30,0,20260824
2026-09-30,SaddlebackKids,watch,1000000,0,0.0,,,,0,0,13,48000,0,0,0,0,
2026-09-30,AIBIBLEGOSPELS,ours,6000,1,0.25,9.4,64,0.0107,0,0,15,849,90,60,10,20,20260927
